Escenario,n,N,maxIter,crossover_rate,mutation_rate,elite_k,GA_len,GA_time,LP_len,LP_time,LP_vars,LP_cons,LP_status
EIL101,101,200,800,0.7,0.4,3,680.468798,11.302,582.040805,2.013,10201,10103,Optimal
GR229,229,250,1000,0.7,0.4,3,2281.943623,33.042,1129.853459,10.519,52441,52215,Optimal
Inventado_100,100,150,500,0.7,0.4,3,1204.289408,4.945,706.227893,1.982,10000,9903,Optimal
