Escenario,n,N,maxIter,crossover_rate,mutation_rate,elite_k,GA_len,GA_time,LP_len,LP_time,LP_vars,LP_cons,LP_status
EIL101,101,200,1000,0.7,0.4,3,674.650846,76.355,582.040805,2.463,10201,10103,Optimal
GR229,229,250,1000,0.7,0.4,3,1831.960591,125.343,1129.853459,12.165,52441,52215,Optimal
Inventado_100,100,150,500,0.7,0.4,3,782.83078,71.715,706.227893,1.975,10000,9903,Optimal
